<?xml version="1.0" encoding="utf-8" standalone="yes"?>
<rss version="2.0" xmlns:atom="http://www.w3.org/2005/Atom">
  <channel>
    <title>Rant on </title>
    <link>/tags/rant/</link>
    <description>Recent content in Rant on </description>
    <generator>Hugo</generator>
    <language>en-us</language>
    <lastBuildDate>Tue, 19 Nov 2024 14:22:53 -0500</lastBuildDate>
    <atom:link href="/tags/rant/index.xml" rel="self" type="application/rss+xml" />
    <item>
      <title>This Site</title>
      <link>/projects/this-site/</link>
      <pubDate>Tue, 19 Nov 2024 14:22:53 -0500</pubDate>
      <guid>/projects/this-site/</guid>
      <description>&lt;p&gt;this is a test,&lt;/p&gt;</description>
    </item>
  </channel>
</rss>
