<?xml version="1.0" encoding="utf-8" standalone="yes"?>
<rss version="2.0" xmlns:atom="http://www.w3.org/2005/Atom">
  <channel>
    <title>Projects on </title>
    <link>/projects/</link>
    <description>Recent content in Projects on </description>
    <generator>Hugo</generator>
    <language>en-us</language>
    <lastBuildDate>Tue, 19 Nov 2024 14:22:53 -0500</lastBuildDate>
    <atom:link href="/projects/index.xml" rel="self" type="application/rss+xml" />
    <item>
      <title>This Site</title>
      <link>/projects/this-site/</link>
      <pubDate>Tue, 19 Nov 2024 14:22:53 -0500</pubDate>
      <guid>/projects/this-site/</guid>
      <description>&lt;p&gt;this is a test,&lt;/p&gt;</description>
    </item>
    <item>
      <title>Example</title>
      <link>/projects/example/</link>
      <pubDate>Sat, 05 Oct 2024 19:55:02 -0400</pubDate>
      <guid>/projects/example/</guid>
      <description>&lt;p&gt;test&lt;/p&gt;&#xA;&lt;h2 id=&#34;of-a-cool-feature&#34;&gt;of a cool feature&amp;hellip;&lt;/h2&gt;</description>
    </item>
  </channel>
</rss>
