{
  "name": "jacksalici",
  "version": "2.0.0",
  "description": "![Screenshot](https://github.com/jacksalici/jacksalici.com/blob/main/static/uploads/website.png)",
  "main": "tailwind.config.js",
  "scripts": {
    "test": "echo \"Error: no test specified\" && exit 1"
  },
  "author": "",
  "license": "ISC",
  "devDependencies": {
    "@tailwindcss/typography": "^0.5.9",
    "autoprefixer": "^10.4.14",
    "daisyui": "^3.2.1",
    "postcss": "^8.4.25",
    "postcss-cli": "^10.1.0",
    "postcss-import": "^15.1.0",
    "tailwindcss": "^3.3.2"
  }
}
