<?xml version="1.0" encoding="utf-8" standalone="yes"?>
<rss version="2.0" xmlns:atom="http://www.w3.org/2005/Atom">
  <channel>
    <title>Default on Salinger Theme</title>
    <link>http://localhost:1313/categories/default/</link>
    <description>Recent content in Default on Salinger Theme</description>
    <generator>Hugo</generator>
    <language>en</language>
    <lastBuildDate>Thu, 03 Oct 2024 20:20:58 -0400</lastBuildDate>
    <atom:link href="http://localhost:1313/categories/default/index.xml" rel="self" type="application/rss+xml" />
    <item>
      <title>Shellscriptvideo</title>
      <link>http://localhost:1313/posts/2024-10-03-shellscriptvideo/</link>
      <pubDate>Thu, 03 Oct 2024 20:20:58 -0400</pubDate>
      <guid>http://localhost:1313/posts/2024-10-03-shellscriptvideo/</guid>
      <description>&lt;p&gt;[https://www.youtube.com/watch?v=GR-96xOM8h4]&lt;/p&gt;</description>
    </item>
    <item>
      <title>02 Linux.md</title>
      <link>http://localhost:1313/posts/2024-10-03-02-linux.md/</link>
      <pubDate>Thu, 03 Oct 2024 19:52:29 -0400</pubDate>
      <guid>http://localhost:1313/posts/2024-10-03-02-linux.md/</guid>
      <description>&lt;p&gt;Linux is a real pain. It&amp;rsquo;s finnicky, It takes a long time to configure and almost nothing&#xA;works right out of the box. When you try to install a program there are about 5 ways&#xA;to do it, some of which are supported by said program and some, completeley bootleg.&#xA;There are literally hundreeds of different distrobutions with varying security,&#xA;use-cases, and preinstalled package managers. The GUI can change too, going from&#xA;non-traditional things like a 3d GUI all the way to windows and OSX recreations&#xA;that are surprising accurate. One might wonder why a person goes through all this struggle&#xA;instead of just picking a normal, bloated, corporate, locked down operating system like&#xA;a normal person. The answer is simple: Because linux makes you feel like a badass.&#xA;GNU/Linux is a culmination of the collective brains of literally thousands upon thousands&#xA;of people; from all over the world, from numerous backrounds and fields of work.&#xA;Linux is the official operating system for governments around the world and yet still it sucks.&#xA;That&amp;rsquo;s why some people use it, they enjoy a challenge. Arch linux as a philosophy&#xA;can be attributed to this natural human desire to do things the hard way in the interest&#xA;of being cool. Wheather or not spending &amp;ldquo;Unneccesary&amp;rdquo; time fiddling with you&amp;rsquo;re settings&#xA;for hours just trying to make a screen recording is attrractive or &amp;ldquo;cool&amp;rdquo; it is certainly&#xA;educational. That is the primary reason I think people should use linux.&#xA;It is just difficult enough to learn things but just common enough to daily drive.&#xA;When you sit down and say &amp;ldquo;I will learn this.&amp;rdquo; it is a different type of learning&#xA;compared to that which happens when you are in the center of a project and need to&#xA;figure this out or all you&amp;rsquo;re work will be worthless. That is the kind of learning&#xA;that will really stick with you-it&amp;rsquo;s accosiated with emotion. It is not the blank&#xA;feelingless memorization of commands and phrases and filesystems. It is the quick skimming&#xA;of documentation, gleaning just enough information to complete the task, nothing more.&#xA;If you never have problems on you&amp;rsquo;re operating system, you will never learn about it.&#xA;And if you never learn about it you will never be able to fix it if something does go wrong.&#xA;There is a quote by stephen hawking along the lines of &amp;ldquo;A society that relies on technologys it&#xA;does not understand is suicidal.&amp;rdquo; Unfortunatley this is already a widespread problem&#xA;in our world. The people that understand the computers are consulted far too often,&#xA;experimentation is left out of the equation. Hell, even googling you&amp;rsquo;re problem is&#xA;out of the equation. This can be explained for high importance tasks that must not fail.&#xA;However it is suprising how many people ask someone who is &amp;ldquo;techy&amp;rdquo; before they even&#xA;google their issue. When you use linux there is such a constant influx of issues, problems,&#xA;and general things that need troubleshooting; that to google every problem, is imposible.&#xA;Experimentation, and even just plain simple reading the documentation come back into play.&#xA;People forget there are entire manuals written online for almost every piece of software.&#xA;These are free to read and in the process become more adept at using that software.&#xA;This is the reason that linux is as popular as it is, it&amp;rsquo;s not the customization,&#xA;it&amp;rsquo;s not the open source nature; it&amp;rsquo;s the attitude that one develops from using something&#xA;that is powerful and imperfect-almost like magic and religion. Mainstream operating systems&#xA;are like following a religion: you believe in it until it breaks and then you&#xA;talk to somebody else about it. Whereas GNU/Linux is like being a Rabbi or a monk.&#xA;You understand so much more and you encounter these things for long periods of time&#xA;daily. Not to say linux is a religion but it certainly has the capacity to change&#xA;you as a person. Food for thought indeed&amp;hellip;&lt;/p&gt;</description>
    </item>
    <item>
      <title>Full Workflow Vid Coming Soon</title>
      <link>http://localhost:1313/posts/2024-09-30-full-workflow-vid-coming-soon/</link>
      <pubDate>Mon, 30 Sep 2024 20:10:48 -0400</pubDate>
      <guid>http://localhost:1313/posts/2024-09-30-full-workflow-vid-coming-soon/</guid>
      <description>&lt;p&gt;I&amp;rsquo;m working on a video that shows off the bash script that I wrote that automatically cds and hugo create news etc etc. all the way down to opening nano&#xA;with the new file i made open. It&amp;rsquo;s also the first bash script I have ever made so I probably failed to make it &amp;ldquo;bashic&amp;rdquo; (pythonic for bash)&#xA;anyway, stay tuned.&lt;/p&gt;</description>
    </item>
    <item>
      <title>02 StaticSiteGens</title>
      <link>http://localhost:1313/posts/2024-09-29-02-staticsitegens/</link>
      <pubDate>Sun, 29 Sep 2024 15:36:12 -0400</pubDate>
      <guid>http://localhost:1313/posts/2024-09-29-02-staticsitegens/</guid>
      <description>&lt;p&gt;Why is it that static site generators are so finnicky? I have spent more hours of my life trying to wrestle HUGO into working than I rightly should have&#xA;considering the fact that it is supposed to be a &amp;ldquo;Fast&amp;rdquo; and &amp;ldquo;simple&amp;rdquo; Generator. Themes are a pain to install when they have depepndencies, the themes page is poorly updated&#xA;and many themes just simply don&amp;rsquo;t work. So I will go to the hugo themes website and add the theme that looks OK. Then I will copy the config over etc etc and then&#xA;the content I write Just won&amp;rsquo;t show up. I mentioned it before in my other post, but I almost gave up this whole website thing; it seemed like too much of a hassle.&#xA;I was banging my head against the keyboard (figurativley) and wishing I could be like other people. Because other people don&amp;rsquo;t devote their free time to&#xA;creating blogs that nobody really sees. Normal people don&amp;rsquo;t spend the precious hours of the weekend in GNU nano configuring the 20th static site generator of the day.&#xA;But at the end of the day, the programmer cycle of &amp;ldquo;I am a moron, I am a genius&amp;rdquo; is omnipresent. One day feels like a kick in the butt, you can&amp;rsquo;t even&#xA;configure a &amp;ldquo;user-friendly&amp;rdquo; static site generator to work correctly. I used to have a vanilla HTML and CSS site (at this very address) but I read an article about&#xA;how hotlinking is bad for making you&amp;rsquo;re website exist for years. (the article)[https://jeffhuang.com/designed_to_last/]&#xA;Anyway I decided to migrate my very very seizure inducing neocities page to be both more modern, more minimal, and more mindful the future.&#xA;So I guess the key takeaway is that despite how annoying static site generators are, at the end of the day most anything is easier than CSS and therefore&#xA;they are worth the struggle.&lt;/p&gt;</description>
    </item>
  </channel>
</rss>
